{
  "version": "1.1.1",
  "windows": {
    "main": {
      "main": true,
      "url": "app://editor/index.html",
      "windowType": "dockable",
      "x": 320,
      "y": 160,
      "width": 1280,
      "height": 720,
      "layout": {
        "children": [
          {
            "children": [
              {
                "active": 0,
                "children": [
                  "hierarchy"
                ],
                "height": 300,
                "type": "panel",
                "width": 204
              },
              {
                "active": 0,
                "children": [
                  "assets"
                ],
                "height": 290,
                "type": "panel",
                "width": 204
              }
            ],
            "height": 593,
            "type": "dock-v",
            "width": 204
          },
          {
            "children": [
              {
                "children": [
                  {
                    "active": 0,
                    "children": [
                      "scene"
                    ],
                    "height": 290,
                    "type": "panel",
                    "width": 536.96875
                  },
                  {
                    "active": 0,
                    "children": [
                      "node-library"
                    ],
                    "height": 290,
                    "type": "panel",
                    "width": 204
                  }
                ],
                "height": 290,
                "type": "dock-h",
                "width": 743.984375
              },
              {
                "active": 0,
                "children": [
                  "console",
                  "timeline"
                ],
                "height": 300,
                "type": "panel",
                "width": 743.984375
              }
            ],
            "height": 593,
            "type": "dock-v",
            "width": 743.984375
          },
          {
            "active": 0,
            "children": [
              "inspector"
            ],
            "height": 593,
            "type": "panel",
            "width": 304
          }
        ],
        "type": "dock-h"
      },
      "panels": [
        "node-library",
        "console",
        "timeline",
        "inspector",
        "hierarchy",
        "assets",
        "scene"
      ]
    }
  },
  "panels": {
    "builder": {
      "x": 702,
      "y": 141,
      "width": 516,
      "height": 738
    }
  }
}