{
  "f8e6b000-5643-4b86-9080-aa680ce1f599": {
    "asset": 1530257864377,
    "meta": 1527580026000,
    "relativePath": "image"
  },
  "71561142-4c83-4933-afca-cb7a17f67053": {
    "asset": 1527580026000,
    "meta": 1531186913628,
    "relativePath": "image\\default_btn_disabled.png"
  },
  "e851e89b-faa2-4484-bea6-5c01dd9f06e2": {
    "asset": 1527580026000,
    "meta": 1531186913631,
    "relativePath": "image\\default_btn_normal.png"
  },
  "d81ec8ad-247c-4e62-aa3c-d35c4193c7af": {
    "asset": 1527580026000,
    "meta": 1531186913636,
    "relativePath": "image\\default_panel.png"
  },
  "b43ff3c2-02bb-4874-81f7-f2dea6970f18": {
    "asset": 1527580026000,
    "meta": 1531186913639,
    "relativePath": "image\\default_btn_pressed.png"
  },
  "99170b0b-d210-46f1-b213-7d9e3f23098a": {
    "asset": 1527580026000,
    "meta": 1531186913654,
    "relativePath": "image\\default_progressbar_bg.png"
  },
  "cfef78f1-c8df-49b7-8ed0-4c953ace2621": {
    "asset": 1527580026000,
    "meta": 1531186913657,
    "relativePath": "image\\default_progressbar.png"
  },
  "567dcd80-8bf4-4535-8a5a-313f1caf078a": {
    "asset": 1527580026000,
    "meta": 1531186913664,
    "relativePath": "image\\default_radio_button_off.png"
  },
  "9d60001f-b5f4-4726-a629-2659e3ded0b8": {
    "asset": 1527580026000,
    "meta": 1531186913669,
    "relativePath": "image\\default_radio_button_on.png"
  },
  "617323dd-11f4-4dd3-8eec-0caf6b3b45b9": {
    "asset": 1527580026000,
    "meta": 1531186913675,
    "relativePath": "image\\default_scrollbar_vertical_bg.png"
  },
  "4bab67cb-18e6-4099-b840-355f0473f890": {
    "asset": 1527580026000,
    "meta": 1531186913678,
    "relativePath": "image\\default_scrollbar_bg.png"
  },
  "d6d3ca85-4681-47c1-b5dd-d036a9d39ea2": {
    "asset": 1527580026000,
    "meta": 1531186913683,
    "relativePath": "image\\default_scrollbar_vertical.png"
  },
  "0291c134-b3da-4098-b7b5-e397edbe947f": {
    "asset": 1527580026000,
    "meta": 1531186913686,
    "relativePath": "image\\default_scrollbar.png"
  },
  "0275e94c-56a7-410f-bd1a-fc7483f7d14a": {
    "asset": 1527580026000,
    "meta": 1531186913692,
    "relativePath": "image\\default_sprite_splash.png"
  },
  "6e056173-d285-473c-b206-40a7fff5386e": {
    "asset": 1527580026000,
    "meta": 1531186913694,
    "relativePath": "image\\default_sprite.png"
  },
  "73a0903d-d80e-4e3c-aa67-f999543c08f5": {
    "asset": 1527580026000,
    "meta": 1531186913701,
    "relativePath": "image\\default_toggle_checkmark.png"
  },
  "c25b9d50-c8fc-4d27-beeb-6e7c1f2e5c0f": {
    "asset": 1527580026000,
    "meta": 1531186913706,
    "relativePath": "image\\default_toggle_disabled.png"
  },
  "b181c1e4-0a72-4a91-bfb0-ae6f36ca60bd": {
    "asset": 1527580026000,
    "meta": 1531186913713,
    "relativePath": "image\\default_toggle_pressed.png"
  },
  "d29077ba-1627-4a72-9579-7b56a235340c": {
    "asset": 1527580026000,
    "meta": 1531186913717,
    "relativePath": "image\\default_toggle_normal.png"
  },
  "fc09f9bd-2cce-4605-b630-8145ef809ed6": {
    "asset": 1530257831970,
    "meta": 1527580026000,
    "relativePath": "misc"
  },
  "2be36297-9abb-4fee-8049-9ed5e271da8a": {
    "asset": 1527580026000,
    "meta": 1527580026000,
    "relativePath": "misc\\default_video.mp4"
  },
  "f6e6dd15-71d1-4ffe-ace7-24fd39942c05": {
    "asset": 1530257839658,
    "meta": 1527580026000,
    "relativePath": "obsolete"
  },
  "b8223619-7e38-47c4-841f-9160c232495a": {
    "asset": 1527580026000,
    "meta": 1527580026000,
    "relativePath": "obsolete\\atom.plist"
  },
  "f743d2b6-b7ea-4c14-a55b-547ed4d0a045": {
    "asset": 1530257832015,
    "meta": 1527580026000,
    "relativePath": "particle"
  },
  "b2687ac4-099e-403c-a192-ff477686f4f5": {
    "asset": 1527580026000,
    "meta": 1527580026000,
    "relativePath": "particle\\atom.plist"
  },
  "ae6c6c98-11e4-452f-8758-75f5c6a56e83": {
    "asset": 1530257928708,
    "meta": 1527580026000,
    "relativePath": "prefab"
  },
  "972b9a4d-47ee-4c74-b5c3-61d8a69bc29f": {
    "asset": 1527580026000,
    "meta": 1531186913727,
    "relativePath": "prefab\\button.prefab"
  },
  "2c937608-2562-40ea-b264-7395df6f0cea": {
    "asset": 1527580026000,
    "meta": 1531186913729,
    "relativePath": "prefab\\canvas.prefab"
  },
  "61aeb05b-3b32-452b-8eed-2b76deeed554": {
    "asset": 1527580026000,
    "meta": 1531186913732,
    "relativePath": "prefab\\editbox.prefab"
  },
  "27756ebb-3d33-44b0-9b96-e858fadd4dd4": {
    "asset": 1527580026000,
    "meta": 1531186913735,
    "relativePath": "prefab\\label.prefab"
  },
  "785a442c-3ceb-45be-a46e-7317f625f3b9": {
    "asset": 1527580026000,
    "meta": 1531186913739,
    "relativePath": "prefab\\layout.prefab"
  },
  "ca8401fe-ad6e-41a8-bd46-8e3e4e9945be": {
    "asset": 1527580026000,
    "meta": 1531186913741,
    "relativePath": "prefab\\pageview.prefab"
  },
  "5965ffac-69da-4b55-bcde-9225d0613c28": {
    "asset": 1527580026000,
    "meta": 1531186913749,
    "relativePath": "prefab\\progressBar.prefab"
  },
  "cd33edea-55f5-46c2-958d-357a01384a36": {
    "asset": 1527580026000,
    "meta": 1531186913751,
    "relativePath": "prefab\\particlesystem.prefab"
  },
  "4a37dd57-78cd-4cec-aad4-f11a73d12b63": {
    "asset": 1527580026000,
    "meta": 1531186913758,
    "relativePath": "prefab\\richtext.prefab"
  },
  "32044bd2-481f-4cf1-a656-e2b2fb1594eb": {
    "asset": 1527580026000,
    "meta": 1531186913760,
    "relativePath": "prefab\\scrollview.prefab"
  },
  "0004d1cf-a0ad-47d8-ab17-34d3db9d35a3": {
    "asset": 1527580026000,
    "meta": 1531186913767,
    "relativePath": "prefab\\slider.prefab"
  },
  "1f55e3be-b89b-4b79-88de-47fd31018044": {
    "asset": 1527580026000,
    "meta": 1531186913769,
    "relativePath": "prefab\\sprite_splash.prefab"
  },
  "96083d03-c332-4a3f-9386-d03e2d19e8ee": {
    "asset": 1527580026000,
    "meta": 1531186913773,
    "relativePath": "prefab\\sprite.prefab"
  },
  "7de03a80-4457-438d-95a7-3e7cdffd6086": {
    "asset": 1527580026000,
    "meta": 1531186913774,
    "relativePath": "prefab\\tiledmap.prefab"
  },
  "0d784963-d024-4ea6-a7db-03be0ad63010": {
    "asset": 1527580026000,
    "meta": 1531186913780,
    "relativePath": "prefab\\toggle.prefab"
  },
  "bf0a434c-84dd-4a8e-a08a-7a36f180cc75": {
    "asset": 1527580026000,
    "meta": 1531186913782,
    "relativePath": "prefab\\toggleContainer.prefab"
  },
  "232d2782-c4bd-4bb4-9e01-909f03d6d3b9": {
    "asset": 1527580026000,
    "meta": 1531186913789,
    "relativePath": "prefab\\videoplayer.prefab"
  },
  "d1b8be49-b0a0-435c-83b7-552bed4bbe35": {
    "asset": 1527580026000,
    "meta": 1531186913790,
    "relativePath": "prefab\\toggleGroup.prefab"
  },
  "8c5001fd-07ee-4a4b-a8a0-63e15195e94d": {
    "asset": 1527580026000,
    "meta": 1531186913793,
    "relativePath": "prefab\\webview.prefab"
  },
  "41a3112d-2ff3-4cf2-b546-2eafa2388013": {
    "asset": 1531186879609,
    "meta": 1516162253000,
    "relativePath": "res"
  },
  "6093e89b-1c78-4cb7-b9b6-97940327de85": {
    "asset": 1531186879411,
    "meta": 1516162253000,
    "relativePath": "res\\movieclip"
  },
  "448f8434-3d2b-4a2e-b62f-fd5c285ed8a2": {
    "asset": 1531186879451,
    "meta": 1516162253000,
    "relativePath": "res\\movieclip\\panda"
  },
  "b59c81e6-738c-4d04-ad7b-9c4b7d816cf4": {
    "asset": 1516162253000,
    "meta": 1531186913885,
    "relativePath": "res\\movieclip\\gold.anim"
  },
  "cade53c6-8097-41f4-a8bf-3210de85ec19": {
    "asset": 1516162253000,
    "meta": 1531186913887,
    "relativePath": "res\\movieclip\\panda\\jump.anim"
  },
  "60883505-bf39-4790-a9da-80aede9dba0a": {
    "asset": 1516162253000,
    "meta": 1531186913888,
    "relativePath": "res\\movieclip\\panda\\run.anim"
  },
  "5aa628eb-bec4-4c29-a9cc-c825ec54734d": {
    "asset": 1531186879588,
    "meta": 1516162253000,
    "relativePath": "res\\prefab"
  },
  "8f19272d-28c8-43c9-8350-0cf8ae473290": {
    "asset": 1516162253000,
    "meta": 1531186913890,
    "relativePath": "res\\movieclip\\panda\\twiceJump.anim"
  },
  "d5dbe687-be71-41e4-87c7-6cc997e2d4ec": {
    "asset": 1516162253000,
    "meta": 1531186913893,
    "relativePath": "res\\prefab\\gold-group-0.prefab"
  },
  "a4f1f454-f0ca-4085-a78b-326e4714f1d4": {
    "asset": 1516162253000,
    "meta": 1531186913894,
    "relativePath": "res\\prefab\\gold-group-1.prefab"
  },
  "1d67bb5d-6428-4013-9c24-0032a831b13c": {
    "asset": 1516162253000,
    "meta": 1531186913897,
    "relativePath": "res\\prefab\\gold-group-2.prefab"
  },
  "ec3cead9-57ab-4080-bc50-77bc16d80d78": {
    "asset": 1516162253000,
    "meta": 1531186913898,
    "relativePath": "res\\prefab\\gold.prefab"
  },
  "1681fd26-779a-419f-ab84-cbc4a0ce191d": {
    "asset": 1516162253000,
    "meta": 1531186913901,
    "relativePath": "res\\prefab\\platform_0.prefab"
  },
  "886c92d4-df32-4309-a2da-1e17896c2e27": {
    "asset": 1516162253000,
    "meta": 1531186913902,
    "relativePath": "res\\prefab\\platform_1.prefab"
  },
  "ac8984b1-a446-4752-ad13-522277ca2a42": {
    "asset": 1516162253000,
    "meta": 1531186913904,
    "relativePath": "res\\prefab\\platform_2.prefab"
  },
  "a46bdd19-a4e0-451a-96af-1acca8adec53": {
    "asset": 1516162253000,
    "meta": 1531186913906,
    "relativePath": "res\\prefab\\platform_3.prefab"
  },
  "1164364f-d13e-4cca-96ae-727bbc377a12": {
    "asset": 1531186879606,
    "meta": 1516162253000,
    "relativePath": "res\\scene"
  },
  "1f3e3f3e-3451-4334-9363-ab2305614153": {
    "asset": 1516162253000,
    "meta": 1531186913909,
    "relativePath": "res\\prefab\\platform_4.prefab"
  },
  "bfe9f3cd-d3e0-4f6d-afa8-06302c25f054": {
    "asset": 1531186879926,
    "meta": 1516162253000,
    "relativePath": "res\\texture"
  },
  "5999f164-ece9-446a-add2-471499b78f96": {
    "asset": 1516162253000,
    "meta": 1531186913943,
    "relativePath": "res\\texture\\far-bg.png"
  },
  "47f99b32-de44-4b0b-86d1-767204e8d825": {
    "asset": 1516162253000,
    "meta": 1531186913954,
    "relativePath": "res\\texture\\gold-bar.png"
  },
  "27822d9a-4ac0-473a-bec2-4bece7eda591": {
    "asset": 1516162253000,
    "meta": 1531186914519,
    "relativePath": "res\\texture\\gold.plist"
  },
  "c6c7c3f7-8679-4c6a-b42e-dbf55a379e03": {
    "asset": 1516162253000,
    "meta": 1531186913974,
    "relativePath": "res\\texture\\gold.png"
  },
  "e56a51a1-9114-4d4d-9aa2-ff5082459e28": {
    "asset": 1516162253000,
    "meta": 1531186913994,
    "relativePath": "res\\texture\\far-bg1.png"
  },
  "5df4bc97-1f27-4880-8938-4b41470d1542": {
    "asset": 1516162253000,
    "meta": 1531186914559,
    "relativePath": "res\\texture\\panda.plist"
  },
  "787c339c-fec6-4742-bff2-24de7ff47050": {
    "asset": 1516162253000,
    "meta": 1531186914015,
    "relativePath": "res\\texture\\near-bg.png"
  },
  "6c11aa59-da87-4c27-af48-8c981d0425f1": {
    "asset": 1516162253000,
    "meta": 1531186914570,
    "relativePath": "res\\texture\\platform.plist"
  },
  "f8efa3d1-5bf6-40f0-99ef-6864a510e8c0": {
    "asset": 1516162253000,
    "meta": 1531186914043,
    "relativePath": "res\\texture\\panda.png"
  },
  "2d667528-bdbd-4e6a-8fd3-ae86c2bec532": {
    "asset": 1531186880006,
    "meta": 1516162253000,
    "relativePath": "src"
  },
  "ce301661-6599-412b-8aa4-a4c8294be17d": {
    "asset": 1531186879971,
    "meta": 1516162253000,
    "relativePath": "src\\layer"
  },
  "65bf188c-6b33-4e46-8f2d-9b1e728276c5": {
    "asset": 1516162253000,
    "meta": 1531186914319,
    "relativePath": "res\\texture\\platform.png"
  },
  "ad41cff1-55b7-4f91-b5b7-42fcc5db5d6f": {
    "asset": 1516162253000,
    "meta": 1531186914331,
    "relativePath": "src\\layer\\background.js"
  },
  "9cc55f25-7923-4697-b103-016f8d229974": {
    "asset": 1531186880003,
    "meta": 1516162253000,
    "relativePath": "src\\role"
  },
  "68c90af9-aa5d-4fd2-9a51-e2a7931142cc": {
    "asset": 1516162253000,
    "meta": 1531186914401,
    "relativePath": "src\\layer\\uiLayer.js"
  },
  "d51004b8-9ba4-4e00-9e05-13a8fe59a069": {
    "asset": 1516162253000,
    "meta": 1531186914469,
    "relativePath": "src\\role\\panda-control.js"
  },
  "a5b85335-e80f-466d-9a32-28ff7b6c38b8": {
    "asset": 1516162253000,
    "meta": 1531186914470,
    "relativePath": "src\\role\\platform-generator.js"
  },
  "4dbf2ea8-d8c0-4ea9-a1dd-70379b4f74f3": {
    "asset": 1531186880019,
    "meta": 1516162253000,
    "relativePath": "src\\scene"
  },
  "facf0d7c-8ace-4444-a164-1566bf7d6abb": {
    "asset": 1516162253000,
    "meta": 1531186914487,
    "relativePath": "src\\scene\\game-scene.js"
  },
  "3bb62552-fe87-4801-8618-aca86e194633": {
    "asset": 1531207799846,
    "meta": 1531208627419,
    "relativePath": "res\\scene\\game-scene.fire"
  }
}