{
  "__type__": "cc.AnimationClip",
  "_name": "twiceJump",
  "_objFlags": 0,
  "_rawFiles": null,
  "_duration": 0.13333333333333333,
  "sample": 60,
  "speed": 0.2,
  "wrapMode": 1,
  "curveData": {
    "comps": {
      "cc.Sprite": {
        "spriteFrame": [
          {
            "frame": 0,
            "value": {
              "__uuid__": "d29d9e5c-ac7a-4d09-9a31-2446bdf0e236"
            }
          },
          {
            "frame": 0.016666666666666666,
            "value": {
              "__uuid__": "d3c28365-d119-4b28-8773-ccbe29a2ffd4"
            }
          },
          {
            "frame": 0.03333333333333333,
            "value": {
              "__uuid__": "f4355397-a009-4b57-aa4a-d38892037f6a"
            }
          },
          {
            "frame": 0.05,
            "value": {
              "__uuid__": "10439767-782b-4e47-a7e5-cd9d2e79c9d3"
            }
          },
          {
            "frame": 0.06666666666666667,
            "value": {
              "__uuid__": "6abe7955-da70-4a4c-952f-c6ef3a735eaf"
            }
          },
          {
            "frame": 0.08333333333333333,
            "value": {
              "__uuid__": "565799f2-6661-4a87-a072-ffcbd0f60d3e"
            }
          },
          {
            "frame": 0.1,
            "value": {
              "__uuid__": "104fd948-a979-49cd-a845-b9186c0b9181"
            }
          },
          {
            "frame": 0.11666666666666667,
            "value": {
              "__uuid__": "763bfb91-270b-4fb4-871f-6163f962fd11"
            }
          }
        ]
      }
    }
  },
  "events": []
}