[{"__type__":"cc.SpriteFrame","content":{"name":"panda_roll_04","texture":"f876PRW/ZA8JnvaGSlEOjA","rect":[260,128,79,63],"offset":[0,0],"originalSize":[79,93]}},{"__type__":"cc.SpriteFrame","content":{"name":"panda_roll_07","texture":"f876PRW/ZA8JnvaGSlEOjA","rect":[2,2,73,93],"offset":[0,0],"originalSize":[79,93]}},{"__type__":"cc.SpriteFrame","content":{"name":"near-bg","texture":"78fDOc/sZHQr/yJN5/9HBQ","rect":[0,0,1600,189],"offset":[0,0],"originalSize":[1600,189]}},{"__type__":"cc.SpriteFrame","content":{"name":"far-bg1","texture":"e5alGhkRRNTZqi/1CCRZ4o","rect":[0,0,1142,780],"offset":[0,0],"originalSize":[1142,780]}},[{"__type__":"cc.Prefab","_name":"platform_0","data":{"__id__":1},"asyncLoadAssets":null},{"__type__":"cc.Node","_name":"platform_0","_components":[{"__type__":"cc.Sprite","node":{"__id__":1},"_spriteFrame":{"__uuid__":"c4wKSMWLtEuq6A2/gVR1/q"}},{"__type__":"cc.BoxCollider","node":{"__id__":1},"_offset":{"__type__":"cc.Vec2","x":103,"y":34},"_size":{"__type__":"cc.Size","width":193,"height":65}}],"_prefab":{"__type__":"cc.PrefabInfo","root":{"__id__":1},"asset":{"__uuid__":"16gf0md5pBn6uEy8Sgzhkd"},"fileId":"53170UV0oNO95Qk1gCPKk0m"},"_anchorPoint":{"__type__":"cc.Vec2"},"_contentSize":{"__type__":"cc.Size","width":204,"height":72},"_position":{"__type__":"cc.Vec2","x":658,"y":314},"groupIndex":1}],{"__type__":"cc.SpriteFrame","content":{"name":"panda_run_03","texture":"f876PRW/ZA8JnvaGSlEOjA","rect":[353,2,61,91],"offset":[0,-1],"originalSize":[79,93],"rotated":1}},[{"__type__":"cc.Prefab","_name":"gold-group-2","data":{"__id__":1},"asyncLoadAssets":null},{"__type__":"cc.Node","_name":"gold-group-2","_children":[{"__id__":2},{"__id__":3},{"__id__":4},{"__id__":5},{"__id__":6},{"__id__":7},{"__id__":8},{"__id__":9},{"__id__":10},{"__id__":11},{"__id__":12},{"__id__":13},{"__id__":14},{"__id__":15}],"_prefab":{"__type__":"cc.PrefabInfo","root":{"__id__":1},"asset":{"__uuid__":"1dZ7tdZChAE5wkADKoMbE8"},"fileId":"2aaddyq8Q5Oh6EhQhrvZcPH"},"_position":{"__type__":"cc.Vec2","x":4,"y":76}},{"__type__":"cc.Node","_name":"gold","_parent":{"__id__":1},"_components":[{"__type__":"cc.Sprite","node":{"__id__":2},"_spriteFrame":{"__uuid__":"a0UNP60h9E/4NUoU6UnrMw"}},{"__type__":"cc.Animation","node":{"__id__":2},"_defaultClip":{"__uuid__":"b5nIHmc4xNBK17nEt9gWz0"},"_clips":[{"__uuid__":"b5nIHmc4xNBK17nEt9gWz0"}],"playOnLoad":true},{"__type__":"cc.BoxCollider","node":{"__id__":2},"tag":1,"_offset":{"__type__":"cc.Vec2","y":-0.1},"_size":{"__type__":"cc.Size","width":32.5,"height":33.8}}],"_prefab":{"__type__":"cc.PrefabInfo","root":{"__id__":1},"asset":{"__uuid__":"1dZ7tdZChAE5wkADKoMbE8"},"fileId":"dc849BAtpJIl6bhVzv9z8Be"},"_contentSize":{"__type__":"cc.Size","width":43,"height":43},"_position":{"__type__":"cc.Vec2","x":-69,"y":330},"groupIndex":3},{"__type__":"cc.Node","_name":"gold","_parent":{"__id__":1},"_components":[{"__type__":"cc.Sprite","node":{"__id__":3},"_spriteFrame":{"__uuid__":"a0UNP60h9E/4NUoU6UnrMw"}},{"__type__":"cc.Animation","node":{"__id__":3},"_defaultClip":{"__uuid__":"b5nIHmc4xNBK17nEt9gWz0"},"_clips":[{"__uuid__":"b5nIHmc4xNBK17nEt9gWz0"}],"playOnLoad":true},{"__type__":"cc.BoxCollider","node":{"__id__":3},"tag":1,"_offset":{"__type__":"cc.Vec2","y":-0.1},"_size":{"__type__":"cc.Size","width":32.5,"height":33.8}}],"_prefab":{"__type__":"cc.PrefabInfo","root":{"__id__":1},"asset":{"__uuid__":"1dZ7tdZChAE5wkADKoMbE8"},"fileId":"e87d4XdmShGLbAgWgg+S9pH"},"_contentSize":{"__type__":"cc.Size","width":43,"height":43},"_position":{"__type__":"cc.Vec2","x":1,"y":59},"groupIndex":3},{"__type__":"cc.Node","_name":"gold","_parent":{"__id__":1},"_components":[{"__type__":"cc.Sprite","node":{"__id__":4},"_spriteFrame":{"__uuid__":"a0UNP60h9E/4NUoU6UnrMw"}},{"__type__":"cc.Animation","node":{"__id__":4},"_defaultClip":{"__uuid__":"b5nIHmc4xNBK17nEt9gWz0"},"_clips":[{"__uuid__":"b5nIHmc4xNBK17nEt9gWz0"}],"playOnLoad":true},{"__type__":"cc.BoxCollider","node":{"__id__":4},"tag":1,"_offset":{"__type__":"cc.Vec2","y":-0.1},"_size":{"__type__":"cc.Size","width":32.5,"height":33.8}}],"_prefab":{"__type__":"cc.PrefabInfo","root":{"__id__":1},"asset":{"__uuid__":"1dZ7tdZChAE5wkADKoMbE8"},"fileId":"84166nv06xNsoQax4I205cR"},"_contentSize":{"__type__":"cc.Size","width":43,"height":43},"_position":{"__type__":"cc.Vec2","x":-47,"y":97},"groupIndex":3},{"__type__":"cc.Node","_name":"gold","_parent":{"__id__":1},"_components":[{"__type__":"cc.Sprite","node":{"__id__":5},"_spriteFrame":{"__uuid__":"a0UNP60h9E/4NUoU6UnrMw"}},{"__type__":"cc.Animation","node":{"__id__":5},"_defaultClip":{"__uuid__":"b5nIHmc4xNBK17nEt9gWz0"},"_clips":[{"__uuid__":"b5nIHmc4xNBK17nEt9gWz0"}],"playOnLoad":true},{"__type__":"cc.BoxCollider","node":{"__id__":5},"tag":1,"_offset":{"__type__":"cc.Vec2","y":-0.1},"_size":{"__type__":"cc.Size","width":32.5,"height":33.8}}],"_prefab":{"__type__":"cc.PrefabInfo","root":{"__id__":1},"asset":{"__uuid__":"1dZ7tdZChAE5wkADKoMbE8"},"fileId":"d535ajiF8lOYJjdriEH2t0G"},"_contentSize":{"__type__":"cc.Size","width":43,"height":43},"_position":{"__type__":"cc.Vec2","x":-84,"y":141},"groupIndex":3},{"__type__":"cc.Node","_name":"gold","_parent":{"__id__":1},"_components":[{"__type__":"cc.Sprite","node":{"__id__":6},"_spriteFrame":{"__uuid__":"a0UNP60h9E/4NUoU6UnrMw"}},{"__type__":"cc.Animation","node":{"__id__":6},"_defaultClip":{"__uuid__":"b5nIHmc4xNBK17nEt9gWz0"},"_clips":[{"__uuid__":"b5nIHmc4xNBK17nEt9gWz0"}],"playOnLoad":true},{"__type__":"cc.BoxCollider","node":{"__id__":6},"tag":1,"_offset":{"__type__":"cc.Vec2","y":-0.1},"_size":{"__type__":"cc.Size","width":32.5,"height":33.8}}],"_prefab":{"__type__":"cc.PrefabInfo","root":{"__id__":1},"asset":{"__uuid__":"1dZ7tdZChAE5wkADKoMbE8"},"fileId":"d5b12TkC+1I6J2eWZ8mdb5/"},"_contentSize":{"__type__":"cc.Size","width":43,"height":43},"_position":{"__type__":"cc.Vec2","x":-110,"y":200},"groupIndex":3},{"__type__":"cc.Node","_name":"gold","_parent":{"__id__":1},"_components":[{"__type__":"cc.Sprite","node":{"__id__":7},"_spriteFrame":{"__uuid__":"a0UNP60h9E/4NUoU6UnrMw"}},{"__type__":"cc.Animation","node":{"__id__":7},"_defaultClip":{"__uuid__":"b5nIHmc4xNBK17nEt9gWz0"},"_clips":[{"__uuid__":"b5nIHmc4xNBK17nEt9gWz0"}],"playOnLoad":true},{"__type__":"cc.BoxCollider","node":{"__id__":7},"tag":1,"_offset":{"__type__":"cc.Vec2","y":-0.1},"_size":{"__type__":"cc.Size","width":32.5,"height":33.8}}],"_prefab":{"__type__":"cc.PrefabInfo","root":{"__id__":1},"asset":{"__uuid__":"1dZ7tdZChAE5wkADKoMbE8"},"fileId":"e1da7O9l/hE4J6uBEfNoUzt"},"_contentSize":{"__type__":"cc.Size","width":43,"height":43},"_position":{"__type__":"cc.Vec2","x":-109,"y":274},"groupIndex":3},{"__type__":"cc.Node","_name":"gold","_parent":{"__id__":1},"_components":[{"__type__":"cc.Sprite","node":{"__id__":8},"_spriteFrame":{"__uuid__":"a0UNP60h9E/4NUoU6UnrMw"}},{"__type__":"cc.Animation","node":{"__id__":8},"_defaultClip":{"__uuid__":"b5nIHmc4xNBK17nEt9gWz0"},"_clips":[{"__uuid__":"b5nIHmc4xNBK17nEt9gWz0"}],"playOnLoad":true},{"__type__":"cc.BoxCollider","node":{"__id__":8},"tag":1,"_offset":{"__type__":"cc.Vec2","y":-0.1},"_size":{"__type__":"cc.Size","width":32.5,"height":33.8}}],"_prefab":{"__type__":"cc.PrefabInfo","root":{"__id__":1},"asset":{"__uuid__":"1dZ7tdZChAE5wkADKoMbE8"},"fileId":"b4b093+/kVEeoaJaV7d7Nat"},"_contentSize":{"__type__":"cc.Size","width":43,"height":43},"_position":{"__type__":"cc.Vec2","x":32,"y":265},"groupIndex":3},{"__type__":"cc.Node","_name":"gold","_parent":{"__id__":1},"_components":[{"__type__":"cc.Sprite","node":{"__id__":9},"_spriteFrame":{"__uuid__":"a0UNP60h9E/4NUoU6UnrMw"}},{"__type__":"cc.Animation","node":{"__id__":9},"_defaultClip":{"__uuid__":"b5nIHmc4xNBK17nEt9gWz0"},"_clips":[{"__uuid__":"b5nIHmc4xNBK17nEt9gWz0"}],"playOnLoad":true},{"__type__":"cc.BoxCollider","node":{"__id__":9},"tag":1,"_offset":{"__type__":"cc.Vec2","y":-0.1},"_size":{"__type__":"cc.Size","width":32.5,"height":33.8}}],"_prefab":{"__type__":"cc.PrefabInfo","root":{"__id__":1},"asset":{"__uuid__":"1dZ7tdZChAE5wkADKoMbE8"},"fileId":"89436ypgoJJtpkG6ap/yaDY"},"_contentSize":{"__type__":"cc.Size","width":43,"height":43},"_position":{"__type__":"cc.Vec2","x":98,"y":313},"groupIndex":3},{"__type__":"cc.Node","_name":"gold","_parent":{"__id__":1},"_components":[{"__type__":"cc.Sprite","node":{"__id__":10},"_spriteFrame":{"__uuid__":"a0UNP60h9E/4NUoU6UnrMw"}},{"__type__":"cc.Animation","node":{"__id__":10},"_defaultClip":{"__uuid__":"b5nIHmc4xNBK17nEt9gWz0"},"_clips":[{"__uuid__":"b5nIHmc4xNBK17nEt9gWz0"}],"playOnLoad":true},{"__type__":"cc.BoxCollider","node":{"__id__":10},"tag":1,"_offset":{"__type__":"cc.Vec2","y":-0.1},"_size":{"__type__":"cc.Size","width":32.5,"height":33.8}}],"_prefab":{"__type__":"cc.PrefabInfo","root":{"__id__":1},"asset":{"__uuid__":"1dZ7tdZChAE5wkADKoMbE8"},"fileId":"f7a80SYzz1I8aLf2pWk9vY1"},"_contentSize":{"__type__":"cc.Size","width":43,"height":43},"_position":{"__type__":"cc.Vec2","x":216,"y":261},"groupIndex":3},{"__type__":"cc.Node","_name":"gold","_parent":{"__id__":1},"_components":[{"__type__":"cc.Sprite","node":{"__id__":11},"_spriteFrame":{"__uuid__":"a0UNP60h9E/4NUoU6UnrMw"}},{"__type__":"cc.Animation","node":{"__id__":11},"_defaultClip":{"__uuid__":"b5nIHmc4xNBK17nEt9gWz0"},"_clips":[{"__uuid__":"b5nIHmc4xNBK17nEt9gWz0"}],"playOnLoad":true},{"__type__":"cc.BoxCollider","node":{"__id__":11},"tag":1,"_offset":{"__type__":"cc.Vec2","y":-0.1},"_size":{"__type__":"cc.Size","width":32.5,"height":33.8}}],"_prefab":{"__type__":"cc.PrefabInfo","root":{"__id__":1},"asset":{"__uuid__":"1dZ7tdZChAE5wkADKoMbE8"},"fileId":"0949fYBpvJIfLBSpGYdsFAv"},"_contentSize":{"__type__":"cc.Size","width":43,"height":43},"_position":{"__type__":"cc.Vec2","x":66,"y":93},"groupIndex":3},{"__type__":"cc.Node","_name":"gold","_parent":{"__id__":1},"_components":[{"__type__":"cc.Sprite","node":{"__id__":12},"_spriteFrame":{"__uuid__":"a0UNP60h9E/4NUoU6UnrMw"}},{"__type__":"cc.Animation","node":{"__id__":12},"_defaultClip":{"__uuid__":"b5nIHmc4xNBK17nEt9gWz0"},"_clips":[{"__uuid__":"b5nIHmc4xNBK17nEt9gWz0"}],"playOnLoad":true},{"__type__":"cc.BoxCollider","node":{"__id__":12},"tag":1,"_offset":{"__type__":"cc.Vec2","y":-0.1},"_size":{"__type__":"cc.Size","width":32.5,"height":33.8}}],"_prefab":{"__type__":"cc.PrefabInfo","root":{"__id__":1},"asset":{"__uuid__":"1dZ7tdZChAE5wkADKoMbE8"},"fileId":"f6292g0U6JOIqiitHtKhWD2"},"_contentSize":{"__type__":"cc.Size","width":43,"height":43},"_position":{"__type__":"cc.Vec2","x":118,"y":131},"groupIndex":3},{"__type__":"cc.Node","_name":"gold","_parent":{"__id__":1},"_components":[{"__type__":"cc.Sprite","node":{"__id__":13},"_spriteFrame":{"__uuid__":"a0UNP60h9E/4NUoU6UnrMw"}},{"__type__":"cc.Animation","node":{"__id__":13},"_defaultClip":{"__uuid__":"b5nIHmc4xNBK17nEt9gWz0"},"_clips":[{"__uuid__":"b5nIHmc4xNBK17nEt9gWz0"}],"playOnLoad":true},{"__type__":"cc.BoxCollider","node":{"__id__":13},"tag":1,"_offset":{"__type__":"cc.Vec2","y":-0.1},"_size":{"__type__":"cc.Size","width":32.5,"height":33.8}}],"_prefab":{"__type__":"cc.PrefabInfo","root":{"__id__":1},"asset":{"__uuid__":"1dZ7tdZChAE5wkADKoMbE8"},"fileId":"21b95B/QixOZK9d5vTrpkj1"},"_contentSize":{"__type__":"cc.Size","width":43,"height":43},"_position":{"__type__":"cc.Vec2","x":178,"y":190},"groupIndex":3},{"__type__":"cc.Node","_name":"gold","_parent":{"__id__":1},"_components":[{"__type__":"cc.Sprite","node":{"__id__":14},"_spriteFrame":{"__uuid__":"a0UNP60h9E/4NUoU6UnrMw"}},{"__type__":"cc.Animation","node":{"__id__":14},"_defaultClip":{"__uuid__":"b5nIHmc4xNBK17nEt9gWz0"},"_clips":[{"__uuid__":"b5nIHmc4xNBK17nEt9gWz0"}],"playOnLoad":true},{"__type__":"cc.BoxCollider","node":{"__id__":14},"tag":1,"_offset":{"__type__":"cc.Vec2","y":-0.1},"_size":{"__type__":"cc.Size","width":32.5,"height":33.8}}],"_prefab":{"__type__":"cc.PrefabInfo","root":{"__id__":1},"asset":{"__uuid__":"1dZ7tdZChAE5wkADKoMbE8"},"fileId":"55a7fqfA/BOqYYlq5ozk+Hp"},"_contentSize":{"__type__":"cc.Size","width":43,"height":43},"_position":{"__type__":"cc.Vec2","x":1,"y":312},"groupIndex":3},{"__type__":"cc.Node","_name":"gold","_parent":{"__id__":1},"_components":[{"__type__":"cc.Sprite","node":{"__id__":15},"_spriteFrame":{"__uuid__":"a0UNP60h9E/4NUoU6UnrMw"}},{"__type__":"cc.Animation","node":{"__id__":15},"_defaultClip":{"__uuid__":"b5nIHmc4xNBK17nEt9gWz0"},"_clips":[{"__uuid__":"b5nIHmc4xNBK17nEt9gWz0"}],"playOnLoad":true},{"__type__":"cc.BoxCollider","node":{"__id__":15},"tag":1,"_offset":{"__type__":"cc.Vec2","y":-0.1},"_size":{"__type__":"cc.Size","width":32.5,"height":33.8}}],"_prefab":{"__type__":"cc.PrefabInfo","root":{"__id__":1},"asset":{"__uuid__":"1dZ7tdZChAE5wkADKoMbE8"},"fileId":"45d33Gi+/lPHZqNXCWxLMO6"},"_contentSize":{"__type__":"cc.Size","width":43,"height":43},"_position":{"__type__":"cc.Vec2","x":157,"y":327},"groupIndex":3}],{"__type__":"cc.SpriteFrame","content":{"name":"gold6","texture":"c6x8P3hnlMarQu2/VaN54D","rect":[47,47,41,43],"offset":[0,0],"originalSize":[45,45],"rotated":1}},[{"__type__":"cc.Prefab","_name":"platform_4","data":{"__id__":1},"asyncLoadAssets":null},{"__type__":"cc.Node","_name":"platform_4","_components":[{"__type__":"cc.Sprite","node":{"__id__":1},"_spriteFrame":{"__uuid__":"ea3xPSFlhHt4UA/fkkyxZV"}},{"__type__":"cc.BoxCollider","node":{"__id__":1},"_offset":{"__type__":"cc.Vec2","x":650,"y":36},"_size":{"__type__":"cc.Size","width":1293,"height":57}}],"_prefab":{"__type__":"cc.PrefabInfo","root":{"__id__":1},"asset":{"__uuid__":"1fPj8+NFFDNJNjqyMFYUFT"},"fileId":"130bcpvdFdDRZD/o3Hb6ClL"},"_anchorPoint":{"__type__":"cc.Vec2"},"_contentSize":{"__type__":"cc.Size","width":1303,"height":72},"_position":{"__type__":"cc.Vec2","x":-1086,"y":17},"groupIndex":1}],{"__type__":"cc.SpriteFrame","content":{"name":"panda_run_08","texture":"f876PRW/ZA8JnvaGSlEOjA","rect":[71,287,61,93],"offset":[0,0],"originalSize":[79,93]}},{"__type__":"cc.SpriteAtlas","_name":"gold.plist","_spriteFrames":{"gold0":{"__uuid__":"a0UNP60h9E/4NUoU6UnrMw"},"gold1":{"__uuid__":"f6W5htfY1MA5Sq+cuttjpF"},"gold2":{"__uuid__":"c5ffZr/iZKj7E4iEkzK55w"},"gold3":{"__uuid__":"c6eZRfNIVNpa++VERMgxJX"},"gold4":{"__uuid__":"7eA+AZBaFLaLgB2RbRtlHz"},"gold5":{"__uuid__":"4emDagNlhBi4EgrKAt+FAm"},"gold6":{"__uuid__":"1esIxeebRO7Kf/EzsRPhMn"},"gold7":{"__uuid__":"ddZNtwMUdNFpeqIcTKXSn6"},"gold8":{"__uuid__":"493VHIwDhE6quWSBYdRj8z"},"gold9":{"__uuid__":"bc7SjAZgNKHIKivtB7IoJ5"}}},{"__type__":"cc.SpriteFrame","content":{"name":"panda_jump_06","texture":"f876PRW/ZA8JnvaGSlEOjA","rect":[2,192,73,93],"offset":[0,0],"originalSize":[79,93]}},{"__type__":"cc.SpriteFrame","content":{"name":"panda_run_05","texture":"f876PRW/ZA8JnvaGSlEOjA","rect":[69,382,63,93],"offset":[0,0],"originalSize":[79,93]}},[{"__type__":"cc.SceneAsset","_name":"game-scene","scene":{"__id__":1},"asyncLoadAssets":null},{"__type__":"cc.Scene","_name":"New Node","_children":[{"__id__":2},{"__id__":17},{"__id__":18}],"_anchorPoint":{"__type__":"cc.Vec2"},"autoReleaseAssets":false},{"__type__":"cc.Node","_name":"Canvas","_parent":{"__id__":1},"_children":[{"__id__":3},{"__id__":8},{"__id__":11},{"__id__":13}],"_components":[{"__type__":"cc.Canvas","node":{"__id__":2}}],"_id":"ed8caFMpN5PeYxmJjNtT2QV","_contentSize":{"__type__":"cc.Size","width":960,"height":640},"_position":{"__type__":"cc.Vec2","x":480,"y":320}},{"__type__":"cc.Node","_name":"background","_parent":{"__id__":2},"_children":[{"__id__":4},{"__id__":5},{"__id__":6},{"__id__":7}],"_components":[{"__type__":"ad41c/xVbdPkbW3QvzF211v","node":{"__id__":3},"near_bg":[{"__id__":6},{"__id__":7}],"far_bg":[{"__id__":4},{"__id__":5}],"near_speed":0.5,"far_speed":0.2}],"_anchorPoint":{"__type__":"cc.Vec2"},"_contentSize":{"__type__":"cc.Size","width":960,"height":640},"_position":{"__type__":"cc.Vec2","x":-481,"y":-317}},{"__type__":"cc.Node","_name":"far-bg","_parent":{"__id__":3},"_components":[{"__type__":"cc.Sprite","node":{"__id__":4},"_spriteFrame":{"__uuid__":"15acrXvnxFZp5hIouYM9LG"}}],"_anchorPoint":{"__type__":"cc.Vec2"},"_contentSize":{"__type__":"cc.Size","width":1142,"height":780},"_position":{"__type__":"cc.Vec2","x":3,"y":-145.8}},{"__type__":"cc.Node","_name":"far-bg-second","_parent":{"__id__":3},"_components":[{"__type__":"cc.Sprite","node":{"__id__":5},"_spriteFrame":{"__uuid__":"15acrXvnxFZp5hIouYM9LG"}}],"_anchorPoint":{"__type__":"cc.Vec2"},"_contentSize":{"__type__":"cc.Size","width":1142,"height":780},"_position":{"__type__":"cc.Vec2","x":1141,"y":-144}},{"__type__":"cc.Node","_name":"near-bg","_parent":{"__id__":3},"_components":[{"__type__":"cc.Sprite","node":{"__id__":6},"_spriteFrame":{"__uuid__":"13xmMgEf9KnpiB9BbAfSuy"}}],"_anchorPoint":{"__type__":"cc.Vec2"},"_contentSize":{"__type__":"cc.Size","width":1600,"height":189}},{"__type__":"cc.Node","_name":"near-bg-second","_parent":{"__id__":3},"_components":[{"__type__":"cc.Sprite","node":{"__id__":7},"_spriteFrame":{"__uuid__":"13xmMgEf9KnpiB9BbAfSuy"}}],"_anchorPoint":{"__type__":"cc.Vec2"},"_contentSize":{"__type__":"cc.Size","width":1600,"height":189},"_position":{"__type__":"cc.Vec2","x":1600,"y":-1}},{"__type__":"cc.Node","_name":"platform_layer","_parent":{"__id__":2},"_children":[{"__id__":9},{"__id__":10}],"_anchorPoint":{"__type__":"cc.Vec2"},"_contentSize":{"__type__":"cc.Size","width":960,"height":640},"_position":{"__type__":"cc.Vec2","x":-481,"y":-319}},{"__type__":"cc.Node","_name":"platform_0","_parent":{"__id__":8},"_components":[{"__type__":"cc.Sprite","node":{"__id__":9},"_spriteFrame":{"__uuid__":"c4wKSMWLtEuq6A2/gVR1/q"}},{"__type__":"cc.BoxCollider","node":{"__id__":9},"_offset":{"__type__":"cc.Vec2","x":103,"y":34},"_size":{"__type__":"cc.Size","width":193,"height":65}}],"_prefab":{"__type__":"cc.PrefabInfo","root":{"__id__":9},"asset":{"__uuid__":"16gf0md5pBn6uEy8Sgzhkd"},"fileId":"53170UV0oNO95Qk1gCPKk0m"},"_anchorPoint":{"__type__":"cc.Vec2"},"_contentSize":{"__type__":"cc.Size","width":204,"height":72},"_position":{"__type__":"cc.Vec2","x":658,"y":314},"groupIndex":1},{"__type__":"cc.Node","_name":"platform_1","_parent":{"__id__":8},"_components":[{"__type__":"cc.Sprite","node":{"__id__":10},"_spriteFrame":{"__uuid__":"577Z6vPwpJcIeskxGVzbzZ"}},{"__type__":"cc.BoxCollider","node":{"__id__":10},"_offset":{"__type__":"cc.Vec2","x":245,"y":38},"_size":{"__type__":"cc.Size","width":485,"height":58}}],"_anchorPoint":{"__type__":"cc.Vec2"},"_contentSize":{"__type__":"cc.Size","width":494,"height":72},"_position":{"__type__":"cc.Vec2","x":28,"y":163},"groupIndex":1},{"__type__":"cc.Node","_name":"game_layer","_parent":{"__id__":2},"_children":[{"__id__":12}],"_anchorPoint":{"__type__":"cc.Vec2"},"_contentSize":{"__type__":"cc.Size","width":960,"height":640},"_position":{"__type__":"cc.Vec2","x":-482,"y":-322}},{"__type__":"cc.Node","_name":"panda","_parent":{"__id__":11},"_components":[{"__type__":"cc.Sprite","node":{"__id__":12},"_spriteFrame":{"__uuid__":"c1sRTZmuVGdbcSnStS4f7J"}},{"__type__":"cc.BoxCollider","node":{"__id__":12},"_offset":{"__type__":"cc.Vec2","x":30.6,"y":44.1},"_size":{"__type__":"cc.Size","width":56.1,"height":86}},{"__type__":"d5100S4m6ROAJ4FE6j+WaBp","node":{"__id__":12},"maxSpeed":{"__type__":"cc.Vec2","x":500,"y":1000},"jumpSpeed":500,"uiLayer":{"__id__":13}},{"__type__":"cc.Animation","node":{"__id__":12},"_clips":[{"__uuid__":"60iDUFvzlHkKnagK7enboK"},{"__uuid__":"ca3lPGgJdB9Ki/MhDehewZ"},{"__uuid__":"8fGSctKMhDyYNQDPiuRzKQ"}]}],"_anchorPoint":{"__type__":"cc.Vec2"},"_contentSize":{"__type__":"cc.Size","width":63,"height":89},"_position":{"__type__":"cc.Vec2","x":78,"y":353},"groupIndex":2},{"__type__":"cc.Node","_name":"ui-layer","_parent":{"__id__":2},"_children":[{"__id__":14}],"_components":[{"__type__":"68c90r5ql1P0ppR4qeTEULM","node":{"__id__":13},"gold_label":{"__id__":16}}],"_anchorPoint":{"__type__":"cc.Vec2"},"_contentSize":{"__type__":"cc.Size","width":960,"height":640},"_position":{"__type__":"cc.Vec2","x":-483,"y":-318}},{"__type__":"cc.Node","_name":"gold-bar","_parent":{"__id__":13},"_children":[{"__id__":15}],"_components":[{"__type__":"cc.Sprite","node":{"__id__":14},"_spriteFrame":{"__uuid__":"e0MCZKlSlMcLBijDuak8vS"}}],"_contentSize":{"__type__":"cc.Size","width":190,"height":52},"_position":{"__type__":"cc.Vec2","x":107.3,"y":603.7}},{"__type__":"cc.Node","_name":"gold_label","_parent":{"__id__":14},"_components":[{"__id__":16}],"_color":{"__type__":"cc.Color","r":9,"g":243,"b":234},"_contentSize":{"__type__":"cc.Size","width":16.68,"height":40},"_position":{"__type__":"cc.Vec2","x":9.9,"y":-4.1}},{"__type__":"cc.Label","node":{"__id__":15},"_useOriginalSize":false,"_actualFontSize":30,"_fontSize":30,"_N$string":"0","_N$horizontalAlign":1,"_N$verticalAlign":1},{"__type__":"cc.Node","_name":"platform-generator","_parent":{"__id__":1},"_components":[{"__type__":"a5b85M16A9GbZoyKP97bDi4","node":{"__id__":17},"move_speed":1,"platform_prafab":[{"__uuid__":"16gf0md5pBn6uEy8Sgzhkd"},{"__uuid__":"88bJLU3zJDCaLaHheJbC4n"},{"__uuid__":"aciYSxpEZHUq0TUiJ3yipC"},{"__uuid__":"a4a90ZpOBFGpavGsyorexT"},{"__uuid__":"1fPj8+NFFDNJNjqyMFYUFT"}],"platform_layer":{"__id__":8},"gold_group_list":[{"__uuid__":"d52+aHvnFB5IfHbMmX4tTs"},{"__uuid__":"a48fRU8MpAhaeLMm5HFPHU"},{"__uuid__":"1dZ7tdZChAE5wkADKoMbE8"}]}],"_id":"9e39e1VuMlEUJnA1VqcO4yM"},{"__type__":"cc.Node","_name":"game-scene","_parent":{"__id__":1},"_components":[{"__type__":"facf018is5ERKFkFWa/fWq7","node":{"__id__":18},"platform_default_0":{"__id__":9},"platform_default_1":{"__id__":10}}],"_id":"c09adMMqI1FuaapcTuMN+ck"}],{"__type__":"cc.SpriteFrame","content":{"name":"gold8","texture":"c6x8P3hnlMarQu2/VaN54D","rect":[92,2,25,43],"offset":[0,0],"originalSize":[45,45]}},{"__type__":"cc.SpriteFrame","content":{"name":"gold5","texture":"c6x8P3hnlMarQu2/VaN54D","rect":[2,2,43,43],"offset":[0,0],"originalSize":[45,45]}},{"__type__":"cc.SpriteFrame","content":{"name":"panda_roll_06","texture":"f876PRW/ZA8JnvaGSlEOjA","rect":[353,65,63,89],"offset":[0,1],"originalSize":[79,93],"rotated":1}},{"__type__":"cc.SpriteFrame","content":{"name":"platform_1","texture":"65vxiMazNORo8tmx5ygnbF","rect":[150,862,494,72],"offset":[0,0],"originalSize":[494,72],"rotated":1}},{"__type__":"cc.SpriteAtlas","_name":"panda.plist","_spriteFrames":{"panda_jump_01":{"__uuid__":"9bbPLee/tElLNA9zwReZGQ"},"panda_jump_02":{"__uuid__":"cfdQaqT2BDKZGQNVktMm4v"},"panda_jump_03":{"__uuid__":"976imT5ZtAg457f8PINx12"},"panda_jump_04":{"__uuid__":"a9cKvemhVHhImLuYn077xB"},"panda_jump_05":{"__uuid__":"e56Oi53gZMWpE8x4Tas7qo"},"panda_jump_06":{"__uuid__":"2a10H48ixCU7SUl7HJ08ef"},"panda_jump_07":{"__uuid__":"6eKTykYsRAap4AxUWEfKjs"},"panda_jump_08":{"__uuid__":"b6hc/TRzpL0IlcWP0XiX19"},"panda_roll_01":{"__uuid__":"d2nZ5crHpNCZoxJEa98OI2"},"panda_roll_02":{"__uuid__":"d3woNl0RlLKIdzzL4pov/U"},"panda_roll_03":{"__uuid__":"f4NVOXoAlLV6pK04iSA39q"},"panda_roll_04":{"__uuid__":"10Q5dneCtOR6flzZ0uecnT"},"panda_roll_05":{"__uuid__":"6avnlV2nBKTJUvxu86c16v"},"panda_roll_06":{"__uuid__":"56V5nyZmFKh6By/8vQ9g0+"},"panda_roll_07":{"__uuid__":"10T9lIqXlJzahFuRhsC5GB"},"panda_roll_08":{"__uuid__":"76O/uRJwtPtIcfYWP5Yv0R"},"panda_run_01":{"__uuid__":"c1sRTZmuVGdbcSnStS4f7J"},"panda_run_02":{"__uuid__":"cbtN/BSMxHGrDQ6qoA2eLu"},"panda_run_03":{"__uuid__":"1cn/eqjFBMGa0kgZtI3Gpg"},"panda_run_04":{"__uuid__":"b92z4J2exHa5U8S5RLvGFL"},"panda_run_05":{"__uuid__":"2cyuMcIIJHvJM3BUWD/7dO"},"panda_run_06":{"__uuid__":"82iEaUuWlM+JWQzt7oFv7b"},"panda_run_07":{"__uuid__":"86ozHOrPBDYLjPqYPawyX+"},"panda_run_08":{"__uuid__":"26zeoAQVpHB5yPhjGjIf05"}}},{"__type__":"cc.AnimationClip","_name":"run","_duration":0.13333333333333333,"speed":0.3,"wrapMode":2,"curveData":{"comps":{"cc.Sprite":{"spriteFrame":[{"frame":0,"value":{"__uuid__":"c1sRTZmuVGdbcSnStS4f7J"}},{"frame":0.016666666666666666,"value":{"__uuid__":"cbtN/BSMxHGrDQ6qoA2eLu"}},{"frame":0.03333333333333333,"value":{"__uuid__":"1cn/eqjFBMGa0kgZtI3Gpg"}},{"frame":0.05,"value":{"__uuid__":"b92z4J2exHa5U8S5RLvGFL"}},{"frame":0.06666666666666667,"value":{"__uuid__":"2cyuMcIIJHvJM3BUWD/7dO"}},{"frame":0.08333333333333333,"value":{"__uuid__":"82iEaUuWlM+JWQzt7oFv7b"}},{"frame":0.1,"value":{"__uuid__":"86ozHOrPBDYLjPqYPawyX+"}},{"frame":0.11666666666666667,"value":{"__uuid__":"26zeoAQVpHB5yPhjGjIf05"}}]}}}},{"__type__":"cc.SpriteFrame","content":{"name":"platform_3","texture":"65vxiMazNORo8tmx5ygnbF","rect":[76,76,1074,72],"offset":[0,0],"originalSize":[1074,72],"rotated":1}},{"__type__":"cc.SpriteFrame","content":{"name":"panda_roll_05","texture":"f876PRW/ZA8JnvaGSlEOjA","rect":[140,193,67,71],"offset":[0,1],"originalSize":[79,93]}},{"__type__":"cc.SpriteAtlas","_name":"platform.plist","_spriteFrames":{"platform_0":{"__uuid__":"c4wKSMWLtEuq6A2/gVR1/q"},"platform_1":{"__uuid__":"577Z6vPwpJcIeskxGVzbzZ"},"platform_2":{"__uuid__":"f136fX9UVEe6ARNXWTaSOL"},"platform_3":{"__uuid__":"66V6D3oDpC+otqno16FQsc"},"platform_4":{"__uuid__":"ea3xPSFlhHt4UA/fkkyxZV"}}},{"__type__":"cc.SpriteFrame","content":{"name":"panda_jump_07","texture":"f876PRW/ZA8JnvaGSlEOjA","rect":[2,97,73,93],"offset":[0,0],"originalSize":[79,93]}},{"__type__":"cc.SpriteFrame","content":{"name":"panda_roll_08","texture":"f876PRW/ZA8JnvaGSlEOjA","rect":[77,2,61,93],"offset":[0,0],"originalSize":[79,93]}},{"__type__":"cc.SpriteFrame","content":{"name":"gold4","texture":"c6x8P3hnlMarQu2/VaN54D","rect":[2,90,41,43],"offset":[0,0],"originalSize":[45,45],"rotated":1}},{"__type__":"cc.SpriteFrame","content":{"name":"panda_run_06","texture":"f876PRW/ZA8JnvaGSlEOjA","rect":[197,380,61,91],"offset":[0,-1],"originalSize":[79,93]}},{"__type__":"cc.SpriteFrame","content":{"name":"panda_run_07","texture":"f876PRW/ZA8JnvaGSlEOjA","rect":[134,380,61,91],"offset":[0,-1],"originalSize":[79,93]}},[{"__type__":"cc.Prefab","_name":"platform_1","data":{"__id__":1},"asyncLoadAssets":null},{"__type__":"cc.Node","_name":"platform_1","_components":[{"__type__":"cc.Sprite","node":{"__id__":1},"_spriteFrame":{"__uuid__":"577Z6vPwpJcIeskxGVzbzZ"}},{"__type__":"cc.BoxCollider","node":{"__id__":1},"_offset":{"__type__":"cc.Vec2","x":245,"y":34},"_size":{"__type__":"cc.Size","width":485,"height":68}}],"_prefab":{"__type__":"cc.PrefabInfo","root":{"__id__":1},"asset":{"__uuid__":"88bJLU3zJDCaLaHheJbC4n"},"fileId":"ac1cefaKN5PUYCW5hYKtz5a"},"_anchorPoint":{"__type__":"cc.Vec2"},"_contentSize":{"__type__":"cc.Size","width":494,"height":72},"_position":{"__type__":"cc.Vec2","x":133,"y":-157},"groupIndex":1}],{"__type__":"cc.AnimationClip","_name":"twiceJump","_duration":0.13333333333333333,"speed":0.2,"curveData":{"comps":{"cc.Sprite":{"spriteFrame":[{"frame":0,"value":{"__uuid__":"d2nZ5crHpNCZoxJEa98OI2"}},{"frame":0.016666666666666666,"value":{"__uuid__":"d3woNl0RlLKIdzzL4pov/U"}},{"frame":0.03333333333333333,"value":{"__uuid__":"f4NVOXoAlLV6pK04iSA39q"}},{"frame":0.05,"value":{"__uuid__":"10Q5dneCtOR6flzZ0uecnT"}},{"frame":0.06666666666666667,"value":{"__uuid__":"6avnlV2nBKTJUvxu86c16v"}},{"frame":0.08333333333333333,"value":{"__uuid__":"56V5nyZmFKh6By/8vQ9g0+"}},{"frame":0.1,"value":{"__uuid__":"10T9lIqXlJzahFuRhsC5GB"}},{"frame":0.11666666666666667,"value":{"__uuid__":"76O/uRJwtPtIcfYWP5Yv0R"}}]}}}},{"__type__":"cc.SpriteFrame","content":{"name":"panda_jump_03","texture":"f876PRW/ZA8JnvaGSlEOjA","rect":[2,382,65,93],"offset":[0,0],"originalSize":[79,93]}},{"__type__":"cc.SpriteFrame","content":{"name":"panda_jump_01","texture":"f876PRW/ZA8JnvaGSlEOjA","rect":[134,287,65,91],"offset":[0,-1],"originalSize":[79,93]}},{"__type__":"cc.SpriteFrame","content":{"name":"gold0","texture":"c6x8P3hnlMarQu2/VaN54D","rect":[47,2,43,43],"offset":[0,0],"originalSize":[45,45]}},[{"__type__":"cc.Prefab","_name":"platform_3","data":{"__id__":1},"asyncLoadAssets":null},{"__type__":"cc.Node","_name":"platform_3","_components":[{"__type__":"cc.Sprite","node":{"__id__":1},"_spriteFrame":{"__uuid__":"66V6D3oDpC+otqno16FQsc"}},{"__type__":"cc.BoxCollider","node":{"__id__":1},"_offset":{"__type__":"cc.Vec2","x":535,"y":37},"_size":{"__type__":"cc.Size","width":1067,"height":62}}],"_prefab":{"__type__":"cc.PrefabInfo","root":{"__id__":1},"asset":{"__uuid__":"a4a90ZpOBFGpavGsyorexT"},"fileId":"e646bfhIl1DbLp61wG4BmAA"},"_anchorPoint":{"__type__":"cc.Vec2"},"_contentSize":{"__type__":"cc.Size","width":1074,"height":72},"_position":{"__type__":"cc.Vec2","x":-1275,"y":-20},"groupIndex":1}],[{"__type__":"cc.Prefab","_name":"gold-group-1","data":{"__id__":1},"asyncLoadAssets":null},{"__type__":"cc.Node","_name":"gold-group-1","_children":[{"__id__":2},{"__id__":3},{"__id__":4},{"__id__":5},{"__id__":6},{"__id__":7},{"__id__":8},{"__id__":9}],"_prefab":{"__type__":"cc.PrefabInfo","root":{"__id__":1},"fileId":"196a1t+Y85HEYGCVMpHk8uJ"},"_position":{"__type__":"cc.Vec2","x":694.8,"y":72}},{"__type__":"cc.Node","_name":"gold","_parent":{"__id__":1},"_components":[{"__type__":"cc.Sprite","node":{"__id__":2},"_spriteFrame":{"__uuid__":"a0UNP60h9E/4NUoU6UnrMw"}},{"__type__":"cc.Animation","node":{"__id__":2},"_defaultClip":{"__uuid__":"b5nIHmc4xNBK17nEt9gWz0"},"_clips":[{"__uuid__":"b5nIHmc4xNBK17nEt9gWz0"}],"playOnLoad":true},{"__type__":"cc.BoxCollider","node":{"__id__":2},"tag":1,"_offset":{"__type__":"cc.Vec2","y":-0.1},"_size":{"__type__":"cc.Size","width":32.5,"height":33.8}}],"_prefab":{"__type__":"cc.PrefabInfo","root":{"__id__":1},"fileId":"ceb732cKrRPELMhoX+LNbJ2"},"_contentSize":{"__type__":"cc.Size","width":43,"height":43},"_position":{"__type__":"cc.Vec2","x":-61,"y":170},"groupIndex":3},{"__type__":"cc.Node","_name":"gold","_parent":{"__id__":1},"_components":[{"__type__":"cc.Sprite","node":{"__id__":3},"_spriteFrame":{"__uuid__":"a0UNP60h9E/4NUoU6UnrMw"}},{"__type__":"cc.Animation","node":{"__id__":3},"_defaultClip":{"__uuid__":"b5nIHmc4xNBK17nEt9gWz0"},"_clips":[{"__uuid__":"b5nIHmc4xNBK17nEt9gWz0"}],"playOnLoad":true},{"__type__":"cc.BoxCollider","node":{"__id__":3},"tag":1,"_offset":{"__type__":"cc.Vec2","y":-0.1},"_size":{"__type__":"cc.Size","width":32.5,"height":33.8}}],"_prefab":{"__type__":"cc.PrefabInfo","root":{"__id__":1},"fileId":"9f0fbJzBTNI7qj+mPCMDxOe"},"_contentSize":{"__type__":"cc.Size","width":43,"height":43},"_position":{"__type__":"cc.Vec2","x":-25,"y":130},"groupIndex":3},{"__type__":"cc.Node","_name":"gold","_parent":{"__id__":1},"_components":[{"__type__":"cc.Sprite","node":{"__id__":4},"_spriteFrame":{"__uuid__":"a0UNP60h9E/4NUoU6UnrMw"}},{"__type__":"cc.Animation","node":{"__id__":4},"_defaultClip":{"__uuid__":"b5nIHmc4xNBK17nEt9gWz0"},"_clips":[{"__uuid__":"b5nIHmc4xNBK17nEt9gWz0"}],"playOnLoad":true},{"__type__":"cc.BoxCollider","node":{"__id__":4},"tag":1,"_offset":{"__type__":"cc.Vec2","y":-0.1},"_size":{"__type__":"cc.Size","width":32.5,"height":33.8}}],"_prefab":{"__type__":"cc.PrefabInfo","root":{"__id__":1},"fileId":"ff6c0WWxMdETLPzz7hmwZ0G"},"_contentSize":{"__type__":"cc.Size","width":43,"height":43},"_position":{"__type__":"cc.Vec2","x":22,"y":86},"groupIndex":3},{"__type__":"cc.Node","_name":"gold","_parent":{"__id__":1},"_components":[{"__type__":"cc.Sprite","node":{"__id__":5},"_spriteFrame":{"__uuid__":"a0UNP60h9E/4NUoU6UnrMw"}},{"__type__":"cc.Animation","node":{"__id__":5},"_defaultClip":{"__uuid__":"b5nIHmc4xNBK17nEt9gWz0"},"_clips":[{"__uuid__":"b5nIHmc4xNBK17nEt9gWz0"}],"playOnLoad":true},{"__type__":"cc.BoxCollider","node":{"__id__":5},"tag":1,"_offset":{"__type__":"cc.Vec2","y":-0.1},"_size":{"__type__":"cc.Size","width":32.5,"height":33.8}}],"_prefab":{"__type__":"cc.PrefabInfo","root":{"__id__":1},"fileId":"be2f2lztCdODqVnAF/mmIxj"},"_contentSize":{"__type__":"cc.Size","width":43,"height":43},"_position":{"__type__":"cc.Vec2","x":61,"y":54},"groupIndex":3},{"__type__":"cc.Node","_name":"gold","_parent":{"__id__":1},"_components":[{"__type__":"cc.Sprite","node":{"__id__":6},"_spriteFrame":{"__uuid__":"a0UNP60h9E/4NUoU6UnrMw"}},{"__type__":"cc.Animation","node":{"__id__":6},"_defaultClip":{"__uuid__":"b5nIHmc4xNBK17nEt9gWz0"},"_clips":[{"__uuid__":"b5nIHmc4xNBK17nEt9gWz0"}],"playOnLoad":true},{"__type__":"cc.BoxCollider","node":{"__id__":6},"tag":1,"_offset":{"__type__":"cc.Vec2","y":-0.1},"_size":{"__type__":"cc.Size","width":32.5,"height":33.8}}],"_prefab":{"__type__":"cc.PrefabInfo","root":{"__id__":1},"fileId":"b0507HQEWNFWrG4sqhnDU7N"},"_contentSize":{"__type__":"cc.Size","width":43,"height":43},"_position":{"__type__":"cc.Vec2","x":-60,"y":54},"groupIndex":3},{"__type__":"cc.Node","_name":"gold","_parent":{"__id__":1},"_components":[{"__type__":"cc.Sprite","node":{"__id__":7},"_spriteFrame":{"__uuid__":"a0UNP60h9E/4NUoU6UnrMw"}},{"__type__":"cc.Animation","node":{"__id__":7},"_defaultClip":{"__uuid__":"b5nIHmc4xNBK17nEt9gWz0"},"_clips":[{"__uuid__":"b5nIHmc4xNBK17nEt9gWz0"}],"playOnLoad":true},{"__type__":"cc.BoxCollider","node":{"__id__":7},"tag":1,"_offset":{"__type__":"cc.Vec2","y":-0.1},"_size":{"__type__":"cc.Size","width":32.5,"height":33.8}}],"_prefab":{"__type__":"cc.PrefabInfo","root":{"__id__":1},"fileId":"b174fKoRblIMb4htr5bt1+v"},"_contentSize":{"__type__":"cc.Size","width":43,"height":43},"_position":{"__type__":"cc.Vec2","x":-26,"y":86},"groupIndex":3},{"__type__":"cc.Node","_name":"gold","_parent":{"__id__":1},"_components":[{"__type__":"cc.Sprite","node":{"__id__":8},"_spriteFrame":{"__uuid__":"a0UNP60h9E/4NUoU6UnrMw"}},{"__type__":"cc.Animation","node":{"__id__":8},"_defaultClip":{"__uuid__":"b5nIHmc4xNBK17nEt9gWz0"},"_clips":[{"__uuid__":"b5nIHmc4xNBK17nEt9gWz0"}],"playOnLoad":true},{"__type__":"cc.BoxCollider","node":{"__id__":8},"tag":1,"_offset":{"__type__":"cc.Vec2","y":-0.1},"_size":{"__type__":"cc.Size","width":32.5,"height":33.8}}],"_prefab":{"__type__":"cc.PrefabInfo","root":{"__id__":1},"fileId":"5b99d0g/lFHrqWyHHrnXnLv"},"_contentSize":{"__type__":"cc.Size","width":43,"height":43},"_position":{"__type__":"cc.Vec2","x":20,"y":129},"groupIndex":3},{"__type__":"cc.Node","_name":"gold","_parent":{"__id__":1},"_components":[{"__type__":"cc.Sprite","node":{"__id__":9},"_spriteFrame":{"__uuid__":"a0UNP60h9E/4NUoU6UnrMw"}},{"__type__":"cc.Animation","node":{"__id__":9},"_defaultClip":{"__uuid__":"b5nIHmc4xNBK17nEt9gWz0"},"_clips":[{"__uuid__":"b5nIHmc4xNBK17nEt9gWz0"}],"playOnLoad":true},{"__type__":"cc.BoxCollider","node":{"__id__":9},"tag":1,"_offset":{"__type__":"cc.Vec2","y":-0.1},"_size":{"__type__":"cc.Size","width":32.5,"height":33.8}}],"_prefab":{"__type__":"cc.PrefabInfo","root":{"__id__":1},"fileId":"5c0b3eDvkdEgr+dEuW+1/aH"},"_contentSize":{"__type__":"cc.Size","width":43,"height":43},"_position":{"__type__":"cc.Vec2","x":62,"y":168},"groupIndex":3}],{"__type__":"cc.SpriteFrame","content":{"name":"panda_jump_04","texture":"f876PRW/ZA8JnvaGSlEOjA","rect":[77,192,61,93],"offset":[0,0],"originalSize":[79,93]}},[{"__type__":"cc.Prefab","_name":"platform_2","data":{"__id__":1},"asyncLoadAssets":null},{"__type__":"cc.Node","_name":"platform_2","_components":[{"__type__":"cc.Sprite","node":{"__id__":1},"_spriteFrame":{"__uuid__":"f136fX9UVEe6ARNXWTaSOL"}},{"__type__":"cc.BoxCollider","node":{"__id__":1},"_offset":{"__type__":"cc.Vec2","x":393,"y":32},"_size":{"__type__":"cc.Size","width":774,"height":64}}],"_prefab":{"__type__":"cc.PrefabInfo","root":{"__id__":1},"asset":{"__uuid__":"aciYSxpEZHUq0TUiJ3yipC"},"fileId":"78a5bv0o3VAyZfxGd8pg9kp"},"_anchorPoint":{"__type__":"cc.Vec2"},"_contentSize":{"__type__":"cc.Size","width":784,"height":72},"_position":{"__type__":"cc.Vec2","x":173,"y":-163},"groupIndex":1}],{"__type__":"cc.AnimationClip","_name":"gold","_duration":0.16666666666666666,"speed":0.2,"wrapMode":2,"curveData":{"comps":{"cc.Sprite":{"spriteFrame":[{"frame":0,"value":{"__uuid__":"a0UNP60h9E/4NUoU6UnrMw"}},{"frame":0.016666666666666666,"value":{"__uuid__":"f6W5htfY1MA5Sq+cuttjpF"}},{"frame":0.03333333333333333,"value":{"__uuid__":"c5ffZr/iZKj7E4iEkzK55w"}},{"frame":0.05,"value":{"__uuid__":"c6eZRfNIVNpa++VERMgxJX"}},{"frame":0.06666666666666667,"value":{"__uuid__":"7eA+AZBaFLaLgB2RbRtlHz"}},{"frame":0.08333333333333333,"value":{"__uuid__":"4emDagNlhBi4EgrKAt+FAm"}},{"frame":0.1,"value":{"__uuid__":"1esIxeebRO7Kf/EzsRPhMn"}},{"frame":0.11666666666666667,"value":{"__uuid__":"ddZNtwMUdNFpeqIcTKXSn6"}},{"frame":0.13333333333333333,"value":{"__uuid__":"493VHIwDhE6quWSBYdRj8z"}},{"frame":0.15,"value":{"__uuid__":"bc7SjAZgNKHIKivtB7IoJ5"}}]}}}},{"__type__":"cc.SpriteFrame","content":{"name":"panda_jump_08","texture":"f876PRW/ZA8JnvaGSlEOjA","rect":[77,97,61,93],"offset":[0,0],"originalSize":[79,93]}},{"__type__":"cc.SpriteFrame","content":{"name":"panda_run_04","texture":"f876PRW/ZA8JnvaGSlEOjA","rect":[260,2,61,91],"offset":[0,0],"originalSize":[79,93],"rotated":1}},{"__type__":"cc.SpriteFrame","content":{"name":"gold9","texture":"c6x8P3hnlMarQu2/VaN54D","rect":[2,47,41,43],"offset":[0,0],"originalSize":[45,45],"rotated":1}},{"__type__":"cc.SpriteFrame","content":{"name":"panda_run_01","texture":"f876PRW/ZA8JnvaGSlEOjA","rect":[446,2,63,89],"offset":[0,2],"originalSize":[79,93]}},{"__type__":"cc.SpriteFrame","content":{"name":"platform_0","texture":"65vxiMazNORo8tmx5ygnbF","rect":[2,2,204,72],"offset":[0,0],"originalSize":[204,72]}},{"__type__":"cc.SpriteFrame","content":{"name":"gold2","texture":"c6x8P3hnlMarQu2/VaN54D","rect":[2,133,25,43],"offset":[0,0],"originalSize":[45,45],"rotated":1}},{"__type__":"cc.SpriteFrame","content":{"name":"gold3","texture":"c6x8P3hnlMarQu2/VaN54D","rect":[92,92,25,43],"offset":[0,0],"originalSize":[45,45]}},{"__type__":"cc.AnimationClip","_name":"jump","_duration":0.13333333333333333,"speed":0.3,"curveData":{"comps":{"cc.Sprite":{"spriteFrame":[{"frame":0,"value":{"__uuid__":"9bbPLee/tElLNA9zwReZGQ"}},{"frame":0.016666666666666666,"value":{"__uuid__":"cfdQaqT2BDKZGQNVktMm4v"}},{"frame":0.03333333333333333,"value":{"__uuid__":"976imT5ZtAg457f8PINx12"}},{"frame":0.05,"value":{"__uuid__":"a9cKvemhVHhImLuYn077xB"}},{"frame":0.06666666666666667,"value":{"__uuid__":"e56Oi53gZMWpE8x4Tas7qo"}},{"frame":0.08333333333333333,"value":{"__uuid__":"2a10H48ixCU7SUl7HJ08ef"}},{"frame":0.1,"value":{"__uuid__":"6eKTykYsRAap4AxUWEfKjs"}},{"frame":0.11666666666666667,"value":{"__uuid__":"b6hc/TRzpL0IlcWP0XiX19"}}]}}}},{"__type__":"cc.SpriteFrame","content":{"name":"panda_run_02","texture":"f876PRW/ZA8JnvaGSlEOjA","rect":[260,65,61,91],"offset":[0,1],"originalSize":[79,93],"rotated":1}},{"__type__":"cc.SpriteFrame","content":{"name":"panda_jump_02","texture":"f876PRW/ZA8JnvaGSlEOjA","rect":[2,287,67,93],"offset":[-1,0],"originalSize":[79,93]}},{"__type__":"cc.SpriteFrame","content":{"name":"panda_roll_01","texture":"f876PRW/ZA8JnvaGSlEOjA","rect":[341,130,69,69],"offset":[0,0],"originalSize":[79,93]}},{"__type__":"cc.SpriteFrame","content":{"name":"panda_roll_02","texture":"f876PRW/ZA8JnvaGSlEOjA","rect":[201,2,73,57],"offset":[0,0],"originalSize":[79,93],"rotated":1}},[{"__type__":"cc.Prefab","_name":"gold-group-0","data":{"__id__":1},"asyncLoadAssets":null},{"__type__":"cc.Node","_name":"gold-group-box","_children":[{"__id__":2},{"__id__":3},{"__id__":4},{"__id__":5},{"__id__":6},{"__id__":7}],"_prefab":{"__type__":"cc.PrefabInfo","root":{"__id__":1},"asset":{"__uuid__":"d52+aHvnFB5IfHbMmX4tTs"},"fileId":"cecccJhlUhIf4Q0BCX+fX8t"},"_position":{"__type__":"cc.Vec2","x":21.5,"y":-177.1}},{"__type__":"cc.Node","_name":"gold","_parent":{"__id__":1},"_components":[{"__type__":"cc.Sprite","node":{"__id__":2},"_spriteFrame":{"__uuid__":"a0UNP60h9E/4NUoU6UnrMw"}},{"__type__":"cc.Animation","node":{"__id__":2},"_defaultClip":{"__uuid__":"b5nIHmc4xNBK17nEt9gWz0"},"_clips":[{"__uuid__":"b5nIHmc4xNBK17nEt9gWz0"}],"playOnLoad":true},{"__type__":"cc.BoxCollider","node":{"__id__":2},"tag":1,"_offset":{"__type__":"cc.Vec2","y":-0.1},"_size":{"__type__":"cc.Size","width":32.5,"height":33.8}}],"_prefab":{"__type__":"cc.PrefabInfo","root":{"__id__":1},"asset":{"__uuid__":"d52+aHvnFB5IfHbMmX4tTs"},"fileId":"1363009q1hPuY93Nfmy3f9Y"},"_contentSize":{"__type__":"cc.Size","width":43,"height":43},"_position":{"__type__":"cc.Vec2","x":-29.5,"y":153.1},"groupIndex":3},{"__type__":"cc.Node","_name":"gold","_parent":{"__id__":1},"_components":[{"__type__":"cc.Sprite","node":{"__id__":3},"_spriteFrame":{"__uuid__":"a0UNP60h9E/4NUoU6UnrMw"}},{"__type__":"cc.Animation","node":{"__id__":3},"_defaultClip":{"__uuid__":"b5nIHmc4xNBK17nEt9gWz0"},"_clips":[{"__uuid__":"b5nIHmc4xNBK17nEt9gWz0"}],"playOnLoad":true},{"__type__":"cc.BoxCollider","node":{"__id__":3},"tag":1,"_offset":{"__type__":"cc.Vec2","y":-0.1},"_size":{"__type__":"cc.Size","width":32.5,"height":33.8}}],"_prefab":{"__type__":"cc.PrefabInfo","root":{"__id__":1},"asset":{"__uuid__":"d52+aHvnFB5IfHbMmX4tTs"},"fileId":"1363009q1hPuY93Nfmy3f9Y"},"_contentSize":{"__type__":"cc.Size","width":43,"height":43},"_position":{"__type__":"cc.Vec2","x":-29.5,"y":104.1},"groupIndex":3},{"__type__":"cc.Node","_name":"gold","_parent":{"__id__":1},"_components":[{"__type__":"cc.Sprite","node":{"__id__":4},"_spriteFrame":{"__uuid__":"a0UNP60h9E/4NUoU6UnrMw"}},{"__type__":"cc.Animation","node":{"__id__":4},"_defaultClip":{"__uuid__":"b5nIHmc4xNBK17nEt9gWz0"},"_clips":[{"__uuid__":"b5nIHmc4xNBK17nEt9gWz0"}],"playOnLoad":true},{"__type__":"cc.BoxCollider","node":{"__id__":4},"tag":1,"_offset":{"__type__":"cc.Vec2","y":-0.1},"_size":{"__type__":"cc.Size","width":32.5,"height":33.8}}],"_prefab":{"__type__":"cc.PrefabInfo","root":{"__id__":1},"asset":{"__uuid__":"d52+aHvnFB5IfHbMmX4tTs"},"fileId":"1363009q1hPuY93Nfmy3f9Y"},"_contentSize":{"__type__":"cc.Size","width":43,"height":43},"_position":{"__type__":"cc.Vec2","x":-29.5,"y":58.1},"groupIndex":3},{"__type__":"cc.Node","_name":"gold","_parent":{"__id__":1},"_components":[{"__type__":"cc.Sprite","node":{"__id__":5},"_spriteFrame":{"__uuid__":"a0UNP60h9E/4NUoU6UnrMw"}},{"__type__":"cc.Animation","node":{"__id__":5},"_defaultClip":{"__uuid__":"b5nIHmc4xNBK17nEt9gWz0"},"_clips":[{"__uuid__":"b5nIHmc4xNBK17nEt9gWz0"}],"playOnLoad":true},{"__type__":"cc.BoxCollider","node":{"__id__":5},"tag":1,"_offset":{"__type__":"cc.Vec2","y":-0.1},"_size":{"__type__":"cc.Size","width":32.5,"height":33.8}}],"_prefab":{"__type__":"cc.PrefabInfo","root":{"__id__":1},"asset":{"__uuid__":"d52+aHvnFB5IfHbMmX4tTs"},"fileId":"1363009q1hPuY93Nfmy3f9Y"},"_contentSize":{"__type__":"cc.Size","width":43,"height":43},"_position":{"__type__":"cc.Vec2","x":17.5,"y":152.1},"groupIndex":3},{"__type__":"cc.Node","_name":"gold","_parent":{"__id__":1},"_components":[{"__type__":"cc.Sprite","node":{"__id__":6},"_spriteFrame":{"__uuid__":"a0UNP60h9E/4NUoU6UnrMw"}},{"__type__":"cc.Animation","node":{"__id__":6},"_defaultClip":{"__uuid__":"b5nIHmc4xNBK17nEt9gWz0"},"_clips":[{"__uuid__":"b5nIHmc4xNBK17nEt9gWz0"}],"playOnLoad":true},{"__type__":"cc.BoxCollider","node":{"__id__":6},"tag":1,"_offset":{"__type__":"cc.Vec2","y":-0.1},"_size":{"__type__":"cc.Size","width":32.5,"height":33.8}}],"_prefab":{"__type__":"cc.PrefabInfo","root":{"__id__":1},"asset":{"__uuid__":"d52+aHvnFB5IfHbMmX4tTs"},"fileId":"1363009q1hPuY93Nfmy3f9Y"},"_contentSize":{"__type__":"cc.Size","width":43,"height":43},"_position":{"__type__":"cc.Vec2","x":17.5,"y":103.1},"groupIndex":3},{"__type__":"cc.Node","_name":"gold","_parent":{"__id__":1},"_components":[{"__type__":"cc.Sprite","node":{"__id__":7},"_spriteFrame":{"__uuid__":"a0UNP60h9E/4NUoU6UnrMw"}},{"__type__":"cc.Animation","node":{"__id__":7},"_defaultClip":{"__uuid__":"b5nIHmc4xNBK17nEt9gWz0"},"_clips":[{"__uuid__":"b5nIHmc4xNBK17nEt9gWz0"}],"playOnLoad":true},{"__type__":"cc.BoxCollider","node":{"__id__":7},"tag":1,"_offset":{"__type__":"cc.Vec2","y":-0.1},"_size":{"__type__":"cc.Size","width":32.5,"height":33.8}}],"_prefab":{"__type__":"cc.PrefabInfo","root":{"__id__":1},"asset":{"__uuid__":"d52+aHvnFB5IfHbMmX4tTs"},"fileId":"1363009q1hPuY93Nfmy3f9Y"},"_contentSize":{"__type__":"cc.Size","width":43,"height":43},"_position":{"__type__":"cc.Vec2","x":17.5,"y":57.1},"groupIndex":3}],{"__type__":"cc.SpriteFrame","content":{"name":"gold7","texture":"c6x8P3hnlMarQu2/VaN54D","rect":[92,47,25,43],"offset":[0,0],"originalSize":[45,45]}},{"__type__":"cc.SpriteFrame","content":{"name":"gold-bar","texture":"47+Zsy3kRLC4bRdnIE6Ngl","rect":[0,0,190,52],"offset":[-1,0],"originalSize":[192,52]}},{"__type__":"cc.SpriteFrame","content":{"name":"panda_jump_05","texture":"f876PRW/ZA8JnvaGSlEOjA","rect":[2,192,73,93],"offset":[0,0],"originalSize":[79,93]}},{"__type__":"cc.SpriteFrame","content":{"name":"platform_4","texture":"65vxiMazNORo8tmx5ygnbF","rect":[2,76,1303,72],"offset":[0,0],"originalSize":[1303,72],"rotated":1}},{"__type__":"cc.SpriteFrame","content":{"name":"platform_2","texture":"65vxiMazNORo8tmx5ygnbF","rect":[150,76,784,72],"offset":[0,0],"originalSize":[784,72],"rotated":1}},{"__type__":"cc.SpriteFrame","content":{"name":"panda_roll_03","texture":"f876PRW/ZA8JnvaGSlEOjA","rect":[444,93,63,81],"offset":[-1,0],"originalSize":[79,93]}},{"__type__":"cc.SpriteFrame","content":{"name":"gold1","texture":"c6x8P3hnlMarQu2/VaN54D","rect":[47,90,41,43],"offset":[0,0],"originalSize":[45,45],"rotated":1}}]